,Country Name,Country Code,1999,2000,2001,2010,2011,2012,2013,2014,2015,2016,2017,2018,2019,2020
0,Aruba,ABW,0.0,0.0,0.0,0.0,0.0,0.0,0.0,0.0,0.0,0.0,2132.0,2276.0,0.0,0.0
2,Afganistán,AFG,3400.0,3409.0,0.0,21677.0,25021.0,17775.0,21696.0,25920.0,23532.0,22770.0,24207.0,10454.0,7334.0,4635.714
4,Angola,AGO,5100.0,4399.0,4354.0,17060.0,12282.0,13072.0,14496.0,13716.0,13116.0,15482.0,13494.0,13978.0,13647.0,3792.0
5,Albania,ALB,2700.0,3885.0,3974.0,9412.0,10373.2109418273,10309.1791376912,11196.0,1992.0,0.0,306.0,1904.0,2935.0,2558.0,1274.0
6,Andorra,AND,0.0,0.0,0.0,0.0,0.0,0.0,0.0,0.0,0.0,0.0,0.0,0.0,0.0,0.0
7,El mundo árabe,ARB,441200.0,470300.0,470936.0,1065038.01071509,1093318.56079486,1159025.93858519,1222183.5,1289638.76744056,1375862.0,1476812.0,1503553.38,1539592.75353017,1599362.272,640887.147
8,Emiratos Árabes Unidos,ARE,44400.0,48330.0,50783.0,240855.107016004,269521.0,311758.0,327076.0,352224.0,437638.0,463947.0,459137.0,455956.0,426157.272,185260.0
9,Argentina,ARG,183600.0,168815.0,124493.0,92847.5065402624,90214.5205338809,101716.268913446,145136.020724733,134521.0,145585.0,149334.0,146631.0,161862.0,163106.0,27447.0
10,Armenia,ARM,2900.0,4406.0,2804.0,8761.0,5561.0,6043.0,852.0,0.0,0.0,0.0,0.0,814.0,2133.0,705.0
11,Samoa Americana,ASM,0.0,0.0,0.0,3420.57075456399,3577.61386138614,3963.0036477332,8580.0,9144.0,0.0,0.0,0.0,0.0,0.0,0.0
12,Antigua y Barbuda,ATG,68200.0,62070.0,72001.0,39865.0,36533.603996772,33606.0392244309,52572.0,46404.0,40047.0,40928.0,24019.0,23206.966273393,21930.5831283564,11206.527
13,Australia,AUS,384800.0,382514.0,388734.0,572906.0,593145.002471011,622917.0,641451.0,664970.0,668961.0,682937.0,672349.0,665384.0,684170.0,273358.384
14,Austria,AUT,127200.0,138700.0,133561.0,176195.0,166729.997287091,162715.735981131,166251.0,162576.0,152056.0,149030.0,156761.0,130260.0,330226.0,121668.0
15,Azerbaiyán,AZE,8500.0,8012.0,7922.0,9885.0,15082.0,16597.0,15886.0,21910.0,23781.0,24009.0,20699.0,19960.0,28974.0,11648.0
16,Burundi,BDI,0.0,0.0,0.0,0.0,0.0,0.0,0.0,0.0,0.0,0.0,0.0,0.0,0.0,0.0
17,Bélgica,BEL,233300.0,225906.0,178331.0,127677.532209862,131577.0,132099.342541943,130230.0,132976.52964928,141116.0,147324.0,145540.0,140674.0,137206.817,57072.125
18,Benin,BEN,1500.0,1518.0,716.0,1255.45454545455,1381.0,1381.0,1728.0,648.0,1209.0,10.0,0.0,0.0,0.0,0.0
19,Burkina Faso,BFA,3300.0,3368.0,1983.0,4235.0,3983.15025906736,3856.22456300177,3780.0,3672.0,3875.0,3861.0,3863.0,3988.0,4105.0,1790.0
20,Bangladesh,BGD,5900.0,6313.0,6486.0,19299.8261758691,26535.0,26996.2544120399,59064.0,65364.0,55864.0,59728.0,70503.0,53061.0,68351.0,42827.89
21,Bulgaria,BGR,15200.0,12158.0,6687.0,11321.0,12297.0,11826.0,11736.0,11755.0,11768.0,12187.0,11748.0,11435.0,10111.0,6295.0
22,Bahrein,BHR,20900.0,21303.0,20492.0,62473.0,60778.7162603187,63711.9791706662,52452.0,55980.0,57444.0,55592.0,54474.0,57094.0,57321.0,17591.0
23,Bahamas,BHS,31100.0,31416.0,29395.0,26395.0,28393.0,30640.0,34188.0,53366.0,48535.0,49095.0,48017.0,54000.0,47733.0,31284.792
24,Bosnia y Herzegovina,BIH,4300.0,4768.0,4530.0,1573.54975701333,1060.06567164179,750.069402985075,552.0,420.0,81.0,0.0,0.0,0.0,108.0,44.0
25,Belarús,BLR,6100.0,5772.0,5891.0,12101.0,14378.0,14608.0,17820.0,21168.0,22939.0,26857.0,29562.0,31676.0,35741.0,16611.0
26,Belice,BLZ,0.0,0.0,0.0,19855.0,31755.0,59089.0,71401.0,112760.0,120072.0,121581.0,141319.0,125681.690865347,141329.0,130792.986
27,Bermudas,BMU,0.0,0.0,0.0,0.0,0.0,0.0,0.0,0.0,0.0,0.0,0.0,0.0,0.0,0.0
28,Bolivia,BOL,24000.0,21566.0,20007.0,37019.0,40751.4507216495,41974.6792042443,33467.0,51017.0018723656,42682.0,45722.0,54102.0,56592.0,49931.0,31354.0
29,Brasil,BRA,692600.0,628081.0,654106.0,841793.0,970561.0,1002565.0,952307.0,937437.0,944557.0,826943.0,803846.0,832683.0,814301.0,393769.0
30,Barbados,BRB,0.0,0.0,0.0,0.0,0.0,0.0,0.0,0.0,0.0,0.0,0.0,0.0,0.0,0.0
31,Brunei Darussalam,BRN,16200.0009765625,12739.0,12237.0,12333.0,11672.0,10374.0,10920.0,10392.0,11624.0,11058.0,10743.0,11310.0,14091.0,4233.0
32,Bhután,BTN,1100.0,1138.0,1297.0,3053.39992695398,4146.03177501826,3553.0,5820.0,8772.0,4640.0,6065.0,4215.0,5187.0,5067.0,1311.0
33,Botswana,BWA,5900.0,6703.0,7138.0,7681.0,7910.25856004678,8422.23447986064,9396.0,8304.0,7741.0,7933.0,7002.0,6774.0,6533.0,0.0
34,República Centroafricana,CAF,1500.0,1518.0,716.0,0.0,0.0,0.0,0.0,0.0,0.0,0.0,0.0,0.0,0.0,0.0
35,Canadá,CAN,319600.0,963468.0,982013.0,1234528.61925597,1245743.61579713,1280198.18557714,1263297.33686341,1290419.0,1322033.0,1359442.0,1443818.0,1250460.0,1215983.0,511637.0
36,Europa Central y del Báltico,CEB,205200.0,220821.0,237439.0,459987.605461649,458432.212389811,409115.831651127,407489.0,414473.868,420199.0,436849.0,484988.0,549291.0,566402.0,238601.363
37,Suiza,CHE,276300.0,289031.0,284899.0,224807.0,244994.0,257233.254295533,266128.0,263267.0,250094.0,229530.0,216436.0,219782.0,225755.0,81283.2
38,Islas del Canal,CHI,0.0,0.0,0.0,0.0,0.0,0.0,0.0,0.0,0.0,0.0,0.0,0.0,0.0,0.0
39,Chile,CHL,92500.0,87945.0,82942.0,108840.0,123739.0,125120.0,127631.0,124480.0,116532.0,116238.0,124316.0,134661.0,143964.0,72839.0
40,China,CHN,547800.0,572921.0,840911.0,2377789.0,2538667.0,2779741.0,3073450.0,3356756.0,3616026.0,3952098.0,4359033.0,4692008.0,4963752.0,3667920.0
41,Côte d'Ivoire,CIV,6300.0,2342.0,716.0,5604.0,907.0,415.0,3912.0,4032.0,9068.0,9463.0,14884.0,14666.0,16616.0,8030.0
42,Camerún,CMR,5400.0,5580.0,10103.0,0.0,3036.0,4938.0,5640.0,5640.0,5499.0,8212.0,5640.0,5550.0,2336.0,1169.0
43,"Congo, República Democrática del",COD,0.0,0.0,5200.0,1945.0,2295.0,4781.0,11448.0,11580.0,12476.0,11513.0,18757.0,8271.0,7532.0,3787.864
44,"Congo, República del",COG,6000.0,6257.0,5235.0,3755.33363289149,4817.0,7011.0,12132.0,10380.0,11462.0,10604.0,8439.0,4976.0,4990.79,2047.429
45,Colombia,COL,208600.0,199370.0,190465.0,226094.0,237570.829047845,254059.928996848,304365.908,349864.363,368947.0,366188.0,355039.0,358874.0,371985.0,139029.18
46,Comoras,COM,0.0,0.0,0.0,0.0,0.0,0.0,0.0,0.0,0.0,0.0,0.0,0.0,0.0,0.0
47,Cabo Verde,CPV,12100.0,13010.0,8745.0,10363.0,10658.0712931195,10555.2286515647,8148.0,7728.0,7989.0,8745.0,4868.0,9385.0,10205.0,5067.487
48,Costa Rica,CRI,32000.0,24297.0,32270.0,41600.5549745151,43354.0,40081.0,42831.0,50239.0,41544.0,46405.0,48971.0,40014.0,44878.0,11696.8
49,Estados pequeos del Caribe,CSS,148100.0,138632.0,155940.0,126300.0,147475.438423049,171025.626310282,198637.0,252495.0,247773.0,245933.0,250510.0,242734.92913874,0.0,0.0
50,Cuba,CUB,15700.0,12264.0,11728.0,21235.4502809087,18302.8583708965,15869.7722047845,23292.0,15468.0,17592.0,20058.0,13144.0,8830.0,7146.0,2123.0
51,Curacao,CUW,0.0,0.0,0.0,0.0,0.0,0.0,0.0,0.0,0.0,0.0,0.0,0.0,0.0,0.0
52,Islas Caimán,CYM,0.0,0.0,0.0,0.0,0.0,0.0,0.0,0.0,0.0,0.0,0.0,0.0,0.0,0.0
53,Chipre,CYP,12100.0,12551.0,13321.0,15318.0,12430.0,13296.0,11724.0,9000.0,306.0,2994.0,8698.0,5456.0,3326.0,1118.0
54,República Checa,CZE,34800.0,40027.0,44164.0,72137.0,61476.0,44189.0,54948.0,48975.0,38304.0,43878.0,50387.0,70828.0,44051.0,12986.363
55,Alemania,DEU,709800.0,738297.0,762178.0,971803.431596833,1021899.93850367,985668.769188173,954874.0,946082.0,967453.0,962803.0,955827.0,922648.643490196,896647.181,303966.0
56,Djibouti,DJI,0.0,0.0,0.0,0.0,0.0,0.0,0.0,0.0,0.0,0.0,0.0,0.0,0.0,0.0
57,Dominica,DMA,0.0,0.0,0.0,0.0,0.0,0.0,0.0,0.0,0.0,0.0,0.0,0.0,0.0,0.0
58,Dinamarca,DNK,106300.0,109369.0,110492.0,0.0,0.0,0.0,0.0,0.0,0.0,0.0,0.0,0.0,560420.19,168010.186
59,República Dominicana,DOM,400.0,0.0,0.0,1552.0,2286.0,2303.0,1908.0,1584.0,1421.0,1170.0,0.0,0.0,7062.0,2497.4
60,Argelia,DZA,36400.0,40202.0,49274.0,53088.0,53286.0,54292.0,55516.0,60066.0,65940.0,73465.0,74714.0,77463.0,76049.0,18719.0
61,Asia oriental y el Pacífico (excluido altos ingresos),EAP,1149800.0,1215806.0,1522837.0,3847811.59742684,4199862.07704265,4541090.00446749,4876787.3179955,5445123.69175995,5872462.0,6431220.0,6919472.67,7387203.84148969,7629160.0,4921887.4922
62,inicial del dividendo demográfico,EAR,2043100.0,2077309.0,2197664.0,3940298.16679309,4158415.08632535,4357526.48746141,4574583.4635518,4976915.63345596,5220321.0,5700375.0,5886141.088,6219620.0608852,6098318.0,2909488.911
63,Asia oriental y el Pacífico,EAS,2784900.00097656,2884999.0,3230312.0,6334923.95244873,6627354.95496903,6896897.70045843,7391410.0459955,8025736.2493602,8575632.0,9231486.0,9792841.59,10258516.8414897,10575048.0,6378568.1962
64,Europa y Asia central (excluido altos ingresos),ECA,583000.0,585153.0,614331.0,1121064.22735896,1270621.38610583,1365184.82022895,1519945.50323624,1654043.72,1759692.0,1797519.0,1893325.0,1966459.545,2023942.332,1138080.459
65,Europa y Asia central,ECS,5933900.0,6236642.0,6291425.0,7011230.37227903,7377144.07392713,7300522.98255961,7299434.41223624,7478837.34464928,7758659.0,8043489.0,8204114.0,8482204.78708129,10338697.445,4189803.905
66,Ecuador,ECU,20200.0,18419.0,16523.0,60835.0,49193.0,54250.9226188785,58687.0,61248.0,61649.0,55430.0,50837.0,53033.0,50575.0,12056.18
67,"Egipto, República Árabe de",EGY,44300.0,47418.0,41373.0,104036.125,78726.0909090909,92303.0,100735.5,101725.767440561,108206.0,115856.0,105464.0,105097.0,111785.0,45340.337
68,Zona del Euro,EMU,3384600.0,3614849.0,3602518.0,4312987.80537931,4429716.47543149,4311417.62183855,4127753.909,4154277.39764928,4289208.0,4468338.0,4479927.0,4558126.9394902,4854409.543,1921748.837
69,Eritrea,ERI,0.0,0.0,0.0,0.0,0.0,0.0,0.0,0.0,539.0,714.0,919.0,1018.0,1111.0,494.395
70,España,ESP,414200.0,485856.0,517481.0,546298.853885983,535074.0,471440.886886395,465558.909,486353.8,534895.0,566775.0,579842.0,641097.0,677578.545,261972.271
71,Estonia,EST,10600.0,9199.0,9133.0,12207.9705512659,13492.0,26778.0,13356.0,13524.0,13954.0,16179.0,528.0,1583.0,22.0,0.0
72,Etiopía,ETH,24900.0,26624.0,28128.0,48783.0,57728.0,62136.0,68131.0,71166.0,83940.0,94330.0,99263.0,110971.0,119542.0,72194.0
73,Unión Europea,EUU,3885000.0,4149031.0,4140156.0,4676663.80537932,4790933.68782131,4615569.45348967,4449114.909,4483220.19764928,4623877.0,4818987.0,4885812.0,5030659.9394902,6460716.923,2467334.572
74,Frágiles y situaciones de conflicto afectados,FCS,335600.0,355440.0,443315.0,488403.852182705,543909.401238065,519697.50053716,556736.09,533306.452630117,523455.0,528016.0,531374.38,539202.444543741,540882.122,284318.13
75,Finlandia,FIN,120700.0,145174.0,128881.0,132408.28422807,144467.0,138914.132653061,138987.0,140256.0,153849.0,162119.0,118856.0,125804.0,131089.0,47394.0
76,Fiji,FJI,57300.0,57776.0,62768.0,26127.0,18142.0,16011.2858124356,11748.0,19140.0,19487.0,20906.0,21855.0,24134.0,25859.0,10450.0
77,Francia,FRA,748600.0,811776.0,777756.0,738003.426442238,754292.0,739353.599757151,641440.0,610197.0,607168.0,599427.0,599256.0,597412.0,598374.0,268744.0
78,Islas Feroe,FRO,0.0,0.0,0.0,0.0,0.0,0.0,0.0,0.0,0.0,0.0,0.0,0.0,0.0,0.0
79,Micronesia (Estados Federados de),FSM,0.0,0.0,0.0,0.0,0.0,0.0,0.0,0.0,0.0,0.0,0.0,0.0,0.0,0.0
80,Gabón,GAB,7300.0,7445.0,7492.0,7516.15985130111,3002.0,1553.0,0.0,0.0,2765.0,2305.0,0.0,0.0,0.0,0.0
81,Reino Unido,GBR,840800.0,876158.0,925638.0,985109.023067177,1062692.0,1050702.90909091,1052640.0,1064175.7,1104117.0,1180312.0,1182696.0,1242985.0,1061464.0,334084.578
82,Georgia,GEO,3000.0,1906.0,1945.0,2803.0,3896.0,3326.0,2933.0,3317.0,3959.0,3199.0,5061.0,7108.0,6587.0,774.0
83,Ghana,GHA,5000.0,4873.0,5892.0,5645.66956713294,10683.0,14902.0,16560.0,16764.0,20539.0,21628.0,21224.0,11635.0,15617.0,8941.0
84,Gibraltar,GIB,0.0,0.0,0.0,0.0,0.0,0.0,0.0,0.0,0.0,0.0,0.0,0.0,0.0,0.0
85,Guinea,GIN,600.0,0.0,0.0,0.0,0.0,0.0,0.0,0.0,0.0,0.0,0.0,0.0,0.0,0.0
86,Gambia,GMB,0.0,0.0,0.0,0.0,0.0,140.0,1788.0,1848.0,35.0,440.0,625.0,1116.0,1136.0,0.0
87,Guinea-Bissau,GNB,0.0,0.0,0.0,0.0,0.0,0.0,0.0,0.0,0.0,0.0,0.0,0.0,0.0,0.0
88,Guinea Ecuatorial,GNQ,0.0,0.0,0.0,717.170923379175,2808.0,8201.0,19416.0,14136.0,22350.0,22464.0,20590.0,7930.0,7423.0,3051.0
89,Grecia,GRC,94100.0,108584.0,125269.0,136382.257932753,125477.119829729,111870.0,103800.0,134160.0,124014.0,128454.0,135281.0,144040.0,151848.0,75393.0
90,Granada,GRD,0.0,0.0,0.0,0.0,0.0,0.0,0.0,0.0,0.0,0.0,0.0,0.0,0.0,0.0
91,Groenlandia,GRL,0.0,0.0,0.0,0.0,0.0,0.0,0.0,0.0,0.0,0.0,0.0,0.0,0.0,0.0
92,Guatemala,GTM,0.0,0.0,0.0,8875.0,9148.0,8091.0,2556.0,2214.0,3012.0,3102.0,3577.0,3205.0,2623.0,673.09
93,Guam,GUM,0.0,0.0,0.0,0.0,0.0,0.0,0.0,0.0,0.0,0.0,0.0,0.0,0.0,0.0
94,Guyana,GUY,500.0,418.0,276.0,9351.0,12231.0,8625.0,0.0,0.0,0.0,0.0,0.0,1931.0,1578.0,1502.0
95,Ingreso alto,HIC,16379700.0009766,17684379.0,17477641.0,20708428.976609,20919193.5755899,20597961.9635401,20574936.9738634,20589610.9070244,20969566.0,21580023.0,21787553.92,22071982.2083547,24160023.9681284,11872240.559
96,"Hong Kong, Región Administrativa Especial",HKG,72400.0,79182.0,85003.0,158255.0,173112.0,185506.37822568,199639.0,215562.0,228582.0,235581.0,243518.0,245146.0,242173.0,70874.0
97,Honduras,HND,0.0,0.0,0.0,21574.0,18287.0,16760.0,26796.0,24216.0,24813.0,24315.0,9482.0,14832.0,13146.0,4462.0
98,Países pobres muy endeudados (PPME),HPC,145800.0,143612.0,137114.0,266822.28924497,307977.717076074,311610.290559514,329263.772,346254.152913158,345543.0,341547.0,383488.0,410069.0,417461.09,233701.82585
99,Croacia,HRV,15900.0,16955.0,18258.0,24766.0,26743.0,26456.0,24305.0,25161.0,25183.0,26171.0,26809.0,27189.0,27711.0,12838.0
100,Haití,HTI,0.0,0.0,0.0,0.0,0.0,0.0,0.0,0.0,0.0,0.0,0.0,0.0,0.0,1563.0
101,Hungría,HUN,30200.0,32297.0,31654.0,111307.0,120826.212389811,88801.8316511268,103080.0,123708.0,145492.0,137605.0,158454.0,183541.0,213664.0,106938.0
102,Sólo BIRF,IBD,4172500.0,4153768.0,4656523.0,8626984.38679317,9291746.66555084,9826047.56235739,10529228.0930701,11355392.6525883,11974873.0,12689799.0,13419218.138,14231604.0771387,14573348.9151284,8248638.673
103,BIRF y la AIF,IBT,4649100.0,4634347.0,5121901.0,9337292.29327893,10080702.7251443,10601539.9596992,11372493.9083087,12224523.2565784,12861795.0,13594565.0,14403021.138,15276297.0063046,15584884.0051284,8805279.65885
104,total de la AIF,IDA,476600.0,480579.0,465378.0,710307.906485754,788956.059593468,775492.397341772,843265.815238617,869130.603990131,886922.0,904766.0,983803.0,1044692.92916587,1011535.09,556640.98585
105,mezcla de la AIF,IDB,261900.0,259610.0,253222.0,307973.333632891,332475.373030012,332153.24708561,338572.0,313928.452949339,346813.0,346480.0,341414.0,368667.211146022,379693.79,185173.563
106,Indonesia,IDN,135000.0,159027.0,164651.0,520932.081983182,599692.276092406,641182.300723356,576000.0,675005.895378656,682389.0,823735.0,892801.0,959307.381,808265.0,425057.604
107,Sólo AIF,IDX,214700.0,220969.0,212156.0,402334.572852863,456480.686563456,443339.150256162,504693.815238617,555202.151040793,540109.0,558286.0,642389.0,676025.718019853,631841.3,371467.42285
108,Isla de Man,IMN,0.0,0.0,0.0,0.0,0.0,0.0,0.0,0.0,0.0,0.0,0.0,0.0,0.0,0.0
109,India,IND,180500.0,198426.0,206690.0,623196.778558652,695626.0,678125.937793064,689094.0,724541.12,787998.0,917625.0,1029426.0,1200111.363,1209803.0,583142.0
110,No clasificado,INX,0.0,0.0,0.0,0.0,0.0,0.0,0.0,0.0,0.0,0.0,0.0,0.0,0.0,0.0
111,Irlanda,IRL,132700.0,145457.0,156277.0,601262.0,635065.0,648817.651510641,641412.0,658512.0,718059.0,836293.0,883323.0,935913.0,967456.0,369019.0
112,"Irán, República Islámica del",IRN,75900.0,82610.0,141396.0,158014.183450955,161191.677604321,153142.822223706,161029.0,162563.374175832,133663.0,159754.0,225399.088,207096.0,186006.0,132936.795
113,Iraq,IRQ,0.0,0.0,0.0,7692.0,9697.0,8993.0,4332.0,4332.0,12805.0,10579.0,18509.38,48355.0,60540.0,9809.0
114,Islandia,ISL,14700.0,12589.0,11728.0,21668.3164735801,24488.0,26469.0,26643.0,28979.0,35558.0,41022.0,50389.0,54653.3025910987,35823.0,13594.0
115,Israel,ISR,51600.0,56427.0,47648.0,47829.0,47195.0,47073.827458256,46644.0,49177.0,49020.0,50548.0,50330.0,53901.0,49276.0,12221.0
116,Italia,ITA,358900.0,367584.0,393484.0,335280.0,328771.58001328,306320.503320053,258027.0,264899.0,273462.0,277671.0,243811.0,251621.0,260599.0,99250.0
117,Jamaica,JAM,20600.0,16577.0,24440.0,0.0,0.0,0.0,492.0,953.0,997.0,1128.0,1181.0,1215.272,0.0,0.0
118,Jordania,JOR,15900.0,16447.0,15893.0,39318.7915976253,40329.1978021978,39468.0,38998.0,38386.0,36622.0,38161.0,36946.0,36127.0,36550.0,10108.0
119,Japón,JPN,661800.0,645087.0,640328.0,934487.439462563,812928.0,874677.0,915542.658,927666.0,956015.0,984320.0,1035522.0,999594.0,1018436.0,659764.0
120,Kazajstán,KAZ,9100.0,8041.0,8398.0,33483.0,40916.0,44580.0,66108.0,71220.0,72486.0,73188.0,83048.0,66693.0,89436.0,55358.0
121,Kenya,KEN,25100.0,29080.0,24741.0,78265.0,84955.0,82576.0,98244.0,90625.0,96749.0,99428.0,117027.0,134354.484622134,138192.0,33178.0
122,Kirguistán,KGZ,8300.0,6051.0,4942.0,7371.0,9274.0,7719.0,12189.0,17388.0,20962.0,23120.0,27055.0,8751.0,6466.0,1578.0
123,Camboya,KHM,0.0,0.0,0.0,5104.72222222222,7191.0,7432.0,11897.0432386171,14732.0,12983.0,11933.0,14372.0,14387.0,14850.0,5639.574
124,Kiribati,KIR,0.0,0.0,0.0,0.0,0.0,0.0,0.0,0.0,0.0,0.0,5005.0,5005.0,4388.0,3751.74
125,Saint Kitts y Nevis,KNA,0.0,0.0,0.0,0.0,0.0,0.0,0.0,0.0,0.0,0.0,0.0,0.0,0.0,0.0
126,"Corea, República de",KOR,204000.0,226910.0,228442.0,280427.0,282239.0,285000.0,360356.0,368132.0,448037.0,473606.0,499093.92,527807.0,549454.0,254341.0
127,Kuwait,KWT,17300.0,17486.0,16682.0,41848.0,31753.0,28814.0,27305.0,26610.0,30073.0,33387.0,42782.0,46450.0,50959.0,17004.0
128,América Latina y el Caribe (excluido altos ingresos),LAC,1611100.0,1456881.0,1447155.0,1942180.93722999,2043337.14627181,2162465.90822526,2253790.41507694,2357197.27187237,2447053.0,2383083.0,2361676.0,2424172.32586535,2451666.0,1135220.47
129,República Democrática Popular Lao,LAO,6300.0,6411.0,6652.0,11374.0,12262.0,15836.1286311187,16944.0,12732.0,9772.0,9986.0,9731.0,16299.0,16359.0,6537.0
130,Líbano,LBN,10100.0,10435.0,10317.0,19882.0,21306.0,21880.0,23568.0,23580.0,24066.0,24549.0,25550.0,25740.0,26942.0,9812.0
131,Liberia,LBR,0.0,0.0,0.0,0.0,0.0,0.0,0.0,0.0,0.0,0.0,0.0,0.0,0.0,0.0
132,Libia,LBY,6100.0,6194.0,5884.0,34878.0771737788,27770.5020633663,16514.4315772057,32064.0,26414.0,13298.0,10764.0,9686.0,12340.0,11339.0,6032.238
133,Santa Lucía,LCA,0.0,0.0,0.0,0.0,0.0,0.0,0.0,0.0,0.0,0.0,0.0,0.0,0.0,0.0
134,América Latina y el Caribe,LCN,1985500.0,1838871.0,1916893.0,2303571.68762511,2431147.82405656,2549816.18361562,2732986.41507694,2840587.99664724,2898758.0,2826420.0,2748629.0,2805821.29213874,2826537.58312836,1299533.789
135,Países menos desarrollados: clasificación de las Naciones Unidas,LDC,160300.0,168933.0,163158.0,334228.234369991,383386.981266778,379884.929869241,435901.815238617,446268.151040793,417135.0,432752.0,524431.0,586506.964489686,538357.3,313598.41885
136,Países de ingreso bajo,LIC,104800.0,117221.0,113696.0,188443.831499491,216430.101917447,204033.870088547,217543.0,216341.310289755,192741.0,194512.0,217852.0,201658.753530167,205832.3,114658.13405
137,Liechtenstein,LIE,0.0,0.0,0.0,0.0,0.0,0.0,0.0,0.0,0.0,0.0,0.0,0.0,0.0,0.0
138,Sri Lanka,LKA,10100.0,5206.0,11386.0,20921.0,26052.0,31373.0,32636.4,37517.0,37598.0,40711.0,41012.0,34425.0,33050.0,10045.0
139,Países de ingreso mediano bajo,LMC,1024300.0,1075529.0,1153890.0,2555685.52106651,2804160.16558287,2860063.22608377,2863456.62223862,3129936.11728649,3260601.0,3676481.0,3931281.088,4270479.91963571,4144717.122,2056337.459
140,Ingreso mediano y bajo,LMY,4226700.0,4185779.0,4563504.0,8845435.56391928,9562678.51959184,10094839.4601613,10796648.9083087,11659936.0720525,12319764.0,13043884.0,13873144.138,14733803.0400312,15027723.422,8582381.29705
141,Lesotho,LSO,200.0,0.0,0.0,0.0,0.0,0.0,0.0,0.0,0.0,0.0,0.0,0.0,0.0,0.0
142,avanzada del dividendo demográfico,LTE,2853000.00097656,2828120.0,3197261.0,6378364.18016845,6944807.87452965,7381815.76070265,7908184.58275688,8471671.02738129,9025937.0,9501394.0,10149322.67,10693202.0705911,11156939.272,6568018.1792
143,Lituania,LTU,11100.0,10197.0,10418.0,4972.63491038269,7122.0,11874.0,9900.0,12622.0,12199.0,9719.0,12151.0,2375.0,2506.0,2619.0
144,Luxemburgo,LUX,29900.0,34007.0,38239.0,38716.0,38937.0,43021.0,44059.0,47215.0,48569.0,48255.0,48289.0,51824.0,51938.0,32964.6
145,Letonia,LVA,9100.0,9816.0,9508.0,54589.0,54241.0,46732.0,43836.0,42107.0,41376.0,42392.0,47885.0,54356.0,61692.0,23100.0
146,"Región Administrativa Especial de Macao, China",MAC,0.0,11673.0,14161.0,13411.0,14368.0,15890.0,17859.0,20158.0,21472.0,23574.0,22924.0,24411.0,28685.0,6470.0
147,Isla de San Martín (parte francesa),MAF,0.0,0.0,0.0,0.0,0.0,0.0,0.0,0.0,0.0,0.0,0.0,0.0,0.0,0.0
148,Marruecos,MAR,43900.0,44542.0,44262.0,75306.0,69940.912476723,61161.3007019091,68700.0,72345.0,75044.0,80085.0,86735.0,80154.0,91254.0,32519.0
149,Mónaco,MCO,28900.0,31479.0,29905.0,10067.0,10603.0,11034.5454545454,10956.0,10928.727,10728.0,611.0,3.0,3.0,3.0,0.0
150,República de Moldova,MDA,1100.0,3682.0,3866.0,6571.0,7147.0,6560.0,7500.0,8400.0,8739.0,9625.0,14116.0,13590.0,11899.0,2851.909
151,Madagascar,MDG,18600.0,20491.0,20129.0,11714.0,12332.7272727273,13267.0,9451.0,10385.0,8852.0,7230.0,7650.0,10170.0,10600.0,4225.333
152,Maldivas,MDV,4400.0,5970.0,3286.0,0.0,0.0,0.0,0.0,26849.0,31472.0,33006.0,33904.0,26678.0,27199.0,21519.174
153,Oriente Medio y Norte de África,MEA,571700.0,613217.0,665244.0,1267722.28423836,1292819.15016265,1353694.09193799,1427157.5,1501061.14161639,1561886.0,1691849.0,1780821.468,1812409.75353017,1844219.272,787868.032
154,México,MEX,328300.0,290412.0,292208.0,445796.033023162,386063.994109534,415279.822989187,435792.09,457921.907,508614.0,555984.0,567921.0,583408.0,605632.0,322333.0
155,Islas Marshall,MHL,3700.0,2324.0,2744.0,0.0,0.0,0.0,0.0,0.0,0.0,0.0,2218.0,2244.0,1967.0,1918.0
156, Ingreso mediano,MIC,4121900.0,4068558.0,4449808.0,8656991.73241979,9346248.4176744,9890805.59007277,10579105.9083087,11443594.7617628,12127023.0,12849372.0,13655292.138,14532144.2865011,14821891.122,8467723.163
157,Macedonia del Norte,MKD,6400.0,8047.0,4673.0,0.0,0.0,0.0,0.0,0.0,0.0,0.0,0.0,0.0,0.0,0.0
158,Malí,MLI,1500.0,1518.0,716.0,4656.0,5580.0,2753.0,360.0,0.0,0.0,0.0,0.0,0.0,0.0,0.0
159,Malta,MLT,14100.0,15394.0,15056.0,16828.0,14891.0,13845.0,14257.0,14022.0,13639.0,12305.0,12799.0,20903.0,19317.0,6289.09
160,Myanmar,MMR,11300.0,10329.0,9709.0,20485.0,32354.0,37798.8298164773,38028.0,49599.0,51652.0,65643.0,62480.0,64397.9644896858,64320.0,30407.914
161,Oriente Medio y Norte de África (excluido altos ingresos),MNA,271700.0,296322.0,356337.0,556612.177222359,530059.433902329,511465.28530907,556102.5,571311.141616393,510478.0,556552.0,624693.468,636327.753530167,637401.0,280103.942
162,Montenegro,MNE,0.0,0.0,2411.0,10064.0086862106,7707.0,7485.0,7164.0,6492.0,6864.0,6842.0,6436.0,6887.0,7192.0,0.0
163,Mongolia,MNG,2200.0,6200.0,5947.0,6528.0,7194.25844122874,9611.02826134262,4212.0,5705.56146973701,5219.0,6009.0,5277.0,7777.0,8310.0,3166.0
164,Mariana,MNP,0.0,0.0,0.0,0.0,0.0,0.0,0.0,0.0,0.0,0.0,0.0,0.0,0.0,0.0
165,Mozambique,MOZ,5900.0,6698.0,7257.0,13705.0,12957.0,13263.2514684884,19596.0,19763.5996807786,18924.0,15911.0,11955.0,10479.0,12178.0,6779.0
166,Mauritania,MRT,3600.0,3761.0,2230.0,6373.0,4235.0,3077.0,3984.0,4044.0,4277.0,4307.0,5331.0,4910.0,5566.0,2205.0
167,Mauricio,MUS,10700.0,12162.0,12269.0,11750.0,12353.0,12258.0,12079.0,12131.0,12646.0,13614.0,14842.0,14940.0,14937.0,4319.0
168,Malawi,MWI,4400.0,4806.0,4708.0,3340.39012345679,3172.0,3201.16692164608,1644.0,1644.0,1687.0,1818.0,2327.0,2327.0,1354.0,367.394
169,Malasia,MYS,164800.0,169263.0,169840.0,302185.222466875,336401.0,343382.0,430334.457756879,443318.55,463740.0,447001.0,473610.67,474940.0,498878.0,167785.0
170,América del Norte,NAC,8831000.0,9784346.0,9517253.0,11329725.619256,11303511.6157971,11144558.1855771,11008795.3368634,10846743.0,10820701.0,11000033.0,11082914.0,11130969.0,11315014.0,6687141.0
171,Namibia,NAM,5500.0,5161.0,5131.0,8836.0,9400.0,11711.0,8568.0,9197.0,10606.0,11759.0,13876.0,14543.0,1806.0,593.365
172,Nueva Caledonia,NCL,0.0,0.0,0.0,0.0,0.0,0.0,0.0,0.0,0.0,0.0,0.0,0.0,0.0,0.0
173,Níger,NER,1500.0,1518.0,716.0,0.0,0.0,1416.0,1044.0,407.0,469.0,471.0,471.0,0.0,0.0,0.0
174,Nigeria,NGA,8400.0,12761.0,10667.0,61789.0,68014.2763449768,65631.5070737067,59182.0,61512.4529493388,61474.0,53971.0,53696.0,75594.726523888,68734.0,47034.679
175,Nicaragua,NIC,500.0,452.0,0.0,0.0,0.0,0.0,0.0,0.0,0.0,0.0,0.0,0.0,0.0,0.0
176,Países Bajos,NLD,224400.0,229386.0,222539.0,268542.005768021,293885.839797724,307221.0,312910.0,304795.0,309089.0,334240.0,342097.0,330963.296,361156.0,174118.388
177,Noruega,NOR,334500.0,320753.0,306511.0,0.0,0.0,0.0,0.0,0.0,0.0,0.0,0.0,0.0,560421.19,168011.186
178,Nepal,NPL,12000.0,12130.0,12306.0,45990.0,44126.0,34745.0,30612.0,19560.0,19395.0,24063.0,58880.0,97598.0,27035.0,35894.0
179,Nauru,NRU,0.0,0.0,0.0,342.0,399.0,116.0,96.0,612.0,707.0,862.0,842.0,1023.0,1351.0,335.0
180,Nueva Zelandia,NZL,227500.0,240046.0,266139.0,207872.0,206937.0,203388.0,203520.0,189722.0,186209.0,181125.0,184762.0,187851.0,192514.0,123038.32
181,Miembros OCDE,OED,16409600.0,17624505.0,17392600.0,20343251.7916363,20455829.1292468,20321136.3818975,20343689.2984916,20394473.3676493,20787801.0,21370518.0,21586693.92,21882848.7870813,23943032.113,11936260.204
182,Omán,OMN,22200.0,22322.0,23213.0,32850.0,35560.0,39638.0,46816.0,47126.0,56544.0,61956.0,71293.0,76672.0,79436.0,19013.0
183,Otros Estados pequeos,OSS,180500.000976563,0.0,0.0,304617.026412691,319463.077888503,358016.442302092,356192.0,0.0,427339.0,472428.0,0.0,463611.302591099,439983.0,0.0
184,Pakistán,PAK,74400.0,63956.0,52616.0,64932.0,72695.0,72232.0,61820.0,57956.0,65749.0,70005.0,51019.0,48542.0,49749.0,27903.88
185,Panamá,PAN,21200.0,25225.0,24867.0,73316.7503951154,79391.0,82753.0,135428.0,132689.724774874,137955.0,143126.0,112742.0,111583.0,110042.0,32578.0
186,Perú,PER,37300.0,29387.0,44487.0,84408.1153236815,100131.0,106167.0,115817.396352206,117800.0,129786.0,129880.0,130792.0,141025.363,141311.0,42395.999
187,Filipinas,PHL,40300.0,44547.0,60511.0,205318.0,225789.683645565,241698.559028508,200532.0,287460.0,325859.0,345482.0,273159.0,292450.0,320569.0,97438.912
188,Palau,PLW,0.0,0.0,0.0,0.0,0.0,0.0,0.0,0.0,0.0,0.0,0.0,0.0,0.0,0.0
189,Papua Nueva Guinea,PNG,27100.0,27512.0,29826.0,32741.0,36364.3197806363,37309.857693979,30012.0,34068.0,51680.0,48892.0,53696.0,41173.0,54328.0,47449.088
190,Polonia,POL,43800.0,52371.0,71799.0,82630.0,82052.0,81194.0,83336.0,77094.0,68326.0,84075.0,106424.0,123903.0,131419.0,48381.0
191,previa al dividendo demográfico,PRE,128400.0,134784.0,121438.0,304105.790601217,338788.542699401,335276.118428977,368447.772,355316.603990131,376858.0,353162.0,404599.38,474721.211146022,486296.09,201689.66585
192,Puerto Rico,PRI,0.0,0.0,0.0,0.0,0.0,0.0,0.0,0.0,0.0,0.0,0.0,0.0,0.0,0.0
193,"Corea, República Popular Democrática de",PRK,1300.0,1332.0,1305.0,725.0,732.0,890.0,3576.0,498.340248962656,483.0,522.0,460.0,472.0,526.0,163.1652
194,Portugal,PRT,117200.0,112462.0,96049.0,111961.407853906,129004.0,131870.0,158096.0,157702.0,160003.0,154448.0,170444.0,182753.0,186711.0,73742.363
195,Paraguay,PRY,8000.0,7556.0,8173.0,6459.0,6873.73284970825,6594.0,6408.0,5496.0,4116.0,3864.0,3454.0,10160.0,8090.0,1747.0
196,Ribera Occidental y Gaza,PSE,0.0,0.0,0.0,0.0,0.0,0.0,0.0,0.0,0.0,0.0,0.0,0.0,0.0,0.0
197,Estados pequeos de las Islas del Pacfico,PSS,89300.0,87674.0,95413.0,51069.0,36808.2522848901,34691.9841711748,35340.0,51276.0,55485.0,58321.0,62670.0,65342.0,64745.0,34218.902
198,posterior al dividendo demográfico,PST,15678400.0,16933507.0,16714073.0,18825974.832211,18920390.9777659,18681652.670384,18593551.0638634,18515193.9872495,18728288.0,19131561.0,19260709.92,19436952.9057636,21458432.0281284,10776665.1
199,Polinesia Francesa,PYF,0.0,0.0,0.0,0.0,0.0,0.0,0.0,0.0,0.0,0.0,0.0,0.0,0.0,0.0
200,Qatar,QAT,22600.0,26652.0,27049.0,90819.0,109525.0,128402.0,139869.0,151703.0,170582.0,200927.0,194389.0,197811.0,207143.0,127046.0
201,Rumania,ROU,17900.0,23298.0,20781.0,61515.0,57823.0,51685.0,43956.0,42249.8,45596.0,46733.0,52063.0,55637.0,58509.0,22125.0
202,Federación de Rusia,RUS,321400.0,314621.0,329935.0,523759.0,596042.0,636748.0,678071.0,747804.0,767043.0,746446.0,815708.0,885094.0,940499.0,623201.0
203,Rwanda,RWA,0.0,0.0,0.0,5867.0,7265.0,10410.0,11532.0,12096.0,3205.0,4314.0,18134.0,19133.0,19419.0,8494.839
204,Asia meridional,SAS,291800.0,296548.0,294067.0,799070.004661475,894201.031775018,864800.192205104,900742.4,966479.12,1026248.0,1173973.0,1313166.0,1476056.363,1427588.0,727278.658
205,Arabia Saudita,SAU,106900.0,108981.0,107984.0,177608.0,193536.0,208986.0,216636.0,232908.0,236468.0,256635.0,270924.0,267295.0,317209.0,123340.0
206,Sudán,SDN,7500.0,7753.0,7562.0,10897.0,16727.0882365286,13525.4963291617,9432.0,6852.0,6021.0,3165.0,5831.0,3178.0,3116.0,2261.0
207,Senegal,SEN,2400.0,2415.0,2606.0,0.0,5251.0,7730.0,5808.0,4044.0,3656.0,582.0,1087.0,5817.0,10215.0,4377.0
208,Singapur,SGP,68400.0,71042.0,72431.0,131721.915559326,144696.875455373,157939.317765257,165239.07,183398.557600256,181563.0,207203.0,203615.0,208787.0,215014.0,64267.0
209,Islas Salomón,SLB,12500.0,11481.0,12496.0,7388.0,7048.95461126849,6659.69835873915,11352.0,11532.0,13107.0,13711.0,14365.0,14365.0,11094.0,6680.904
210,Sierra Leona,SLE,0.0,202.0,139.0,0.0,2085.0,2145.0,0.0,0.0,0.0,0.0,0.0,0.0,0.0,0.0
211,El Salvador,SLV,32000.0,37098.0,26059.0,20961.2770874618,24699.0,26622.0,29114.0,31662.0,28671.0,28670.0,27995.0,27601.0,26305.0,8743.635
212,San Marino,SMR,0.0,0.0,0.0,0.0,0.0,0.0,0.0,0.0,0.0,0.0,0.0,0.0,0.0,0.0
213,Somalia,SOM,0.0,0.0,0.0,2716.90992767916,2815.0,2791.0,3540.0,3444.0,0.0,98.0,98.0,995.0,1060.0,0.0
214,Serbia,SRB,0.0,0.0,14000.0,16893.0,17303.0,16841.0,18156.0,28944.0,31304.0,31958.0,29705.0,28160.0,30964.0,12773.0
215,África al sur del Sahara (excluido altos ingresos),SSA,319300.0,335069.0,328777.0,578696.620019651,624597.444494206,649833.249725437,689280.772,665781.126803799,703831.0,701537.0,760811.0,843583.211146022,857966.09,379810.27585
216,Sudán del Sur,SSD,0.0,0.0,0.0,0.0,0.0,0.0,0.0,0.0,0.0,0.0,0.0,0.0,0.0,0.0
217,África al sur del Sahara,SSF,337800.0,354035.0,349026.0,591685.620019651,638799.444494206,661095.249725437,703872.772,680337.126803799,720955.0,720715.0,781350.0,862254.211146022,876670.09,388287.27585
218,Pequeños Estados,SST,417900.000976563,411009.0,429522.0,481986.026412691,503746.768596442,563734.052783548,590169.0,697384.0,730597.0,776682.0,772097.0,771688.231729839,755141.583128356,0.0
219,Santo Tomé y Príncipe,STP,1100.0,1135.0,1135.0,0.0,0.0,0.0,0.0,0.0,0.0,0.0,0.0,466.0,468.0,366.0
220,Suriname,SUR,6800.0,2169.0,1920.0,1925.0,1914.76063829787,2417.51329787234,3420.0,2796.0,2995.0,3309.0,3385.0,3225.0,2668.0,1035.2
221,República Eslovaca,SVK,5700.0,2421.0,1817.0,2702.0,990.0,1439.0,1824.0,721.068,70.0,85.0,51.0,0.0,0.0,30.0
222,Eslovenia,SVN,10900.0,12082.0,13220.0,21840.0,21370.0,18141.0,17212.0,16557.0,17931.0,17825.0,18488.0,18444.0,16717.0,3289.0
223,Suecia,SWE,236300.0,247707.0,233803.0,0.0,0.0,0.0,0.0,0.0,0.0,0.0,0.0,0.0,560422.19,168012.186
224,Eswatini,SWZ,2500.0,2586.0,0.0,0.0,0.0,0.0,0.0,0.0,0.0,0.0,0.0,2224.0,2270.0,561.0
225,Sint Maarten (Dutch part),SXM,0.0,0.0,0.0,0.0,0.0,0.0,0.0,0.0,0.0,0.0,0.0,0.0,0.0,0.0
226,Seychelles,SYC,18500.0,18966.0,20249.0,12989.0,14202.0,11262.0,14592.0,14556.0,17124.0,19178.0,20539.0,18671.0,18704.0,8477.0
227,República Árabe Siria,SYR,11200.0,13959.0,13580.0,12699.0,15455.407623056,9670.3235106534,5424.0,5424.0,168.0,170.0,165.0,167.753530166881,173.0,97.572
228,Islas Turcas y Caicos,TCA,0.0,0.0,0.0,0.0,0.0,0.0,0.0,0.0,0.0,0.0,0.0,0.0,0.0,0.0
229,Chad,TCD,1500.0,1518.0,716.0,699.531448355453,984.0,664.0,72.0,72.0,0.0,0.0,0.0,0.0,0.0,0.0
230,Asia oriental y el Pacífico (BIRF y la AIF),TEA,1148500.0,1214474.0,1521532.0,3844008.02667228,4195951.46318126,4536353.00081976,4864727.3179955,5436093.35151098,5872686.0,6431560.0,6919854.67,7387754.84148969,7629985.0,4922059.327
231,Europa y Asia central (BIRF y la AIF),TEC,660600.0,677777.0,725169.0,1289975.22735896,1437239.38610583,1524519.82022895,1671542.50323624,1798548.52,1898797.0,1954498.0,2078621.0,2173188.545,2241581.332,1221424.459
232,Togo,TGO,1500.0,1518.0,716.0,8164.0,10745.0,10264.0,11484.0,10599.370360014,9947.0,10725.0,10485.0,11559.0,11931.0,6191.0
233,Tailandia,THA,95400.0,101591.0,102414.0,201306.0,227322.0,252368.898405228,298450.0,338053.981662592,392664.0,413880.0,448477.0,475886.496,483580.0,224142.333
234,Tayikistán,TJK,3800.0,3953.0,4511.0,5709.66891573827,7320.0,6529.89687626775,6263.0,7985.0,6884.0,6472.0,4135.0,4021.0,4283.0,2530.0
235,Turkmenistán,TKM,18500.0,21858.0,23963.0,3221.0,1617.84131054131,1440.73219373219,12871.0166080453,6068.32,8548.0,12890.0,16843.0,18184.0,17075.0,9671.143
236,América Latina y el Caribe (BIRF y la AIF),TLA,1938700.0,1795191.0,1875770.0,2255941.2373442,2384451.96568567,2503306.41141084,2675506.41507694,2771753.99664724,2832631.0,2757267.0,2685336.0,2740715.29213874,2771658.58312836,1266125.997
237,Timor-Leste,TLS,0.0,0.0,0.0,0.0,0.0,0.0,0.0,0.0,0.0,0.0,0.0,0.0,0.0,0.0
238,Oriente Medio y Norte de África (BIRF y la AIF),TMN,271700.0,296322.0,356337.0,556612.177222359,530059.433902329,511465.28530907,556102.5,571311.141616393,510478.0,556552.0,624693.468,636327.753530167,637401.0,280103.942
239,Tonga,TON,3800.0,3814.0,4157.0,0.0,0.0,0.0,0.0,0.0,0.0,0.0,0.0,0.0,0.0,0.0
240,Asia meridional (BIRF y la AIF),TSA,291800.0,296548.0,294067.0,799070.004661475,894201.031775018,864800.192205104,900742.4,966479.12,1026248.0,1173973.0,1313166.0,1476056.363,1427588.0,727278.658
241,África al sur del Sahara (BIRF y la AIF),TSS,337800.0,354035.0,349026.0,591685.620019651,638799.444494206,661095.249725437,703872.772,680337.126803799,720955.0,720715.0,781350.0,862254.211146022,876670.09,388287.27585
242,Trinidad y Tobago,TTO,20900.0,25982.0,27908.0,28909.0,36648.0737879789,36648.0737879789,36564.0,36216.0,35127.0,29892.0,32589.0,33475.0,35175.0,12546.0
243,Túnez,TUN,20100.0,19907.0,19385.0,31098.0,32179.9168975069,37233.0,48804.0,60419.0,35540.0,38631.0,39856.0,41446.0,36763.0,14170.0
244,Turquía,TUR,111400.0,119945.0,111342.0,369174.0,420222.0,476115.0,568212.396628194,628104.0,706067.0,743673.0,742260.0,772925.545,742503.0,364856.074
245,Tuvalu,TUV,0.0,0.0,0.0,0.0,0.0,0.0,0.0,0.0,0.0,0.0,0.0,0.0,0.0,0.0
246,Tanzanía,TZA,5000.0,5973.0,4360.0,21825.0,26332.300586101,28130.4720729721,27625.772,31106.181,35374.0,27422.0,47741.0,90017.0,91864.0,53848.0
247,Uganda,UGA,3000.0,263.0,266.0,6290.0,4879.0,5990.0,8616.0,6864.0,2332.0,3828.0,1953.0,3777.0,3417.3,1839.48345
248,Ucrania,UKR,29500.0,27973.0,32864.0,66038.0,76652.2681818182,73378.9426182735,58474.09,47927.4,45688.0,55261.0,63315.0,66712.0,62113.332,20486.333
249,Ingreso mediano alto,UMC,3097600.0,2993029.0,3295918.0,6101306.21135328,6542088.25209153,7030742.363989,7715649.28607006,8313658.64447626,8866422.0,9172891.0,9724011.05,10261664.3668653,10677174.0,6411385.704
250,Uruguay,URY,10300.0,10852.0,9550.0,0.0,0.0,0.0,0.0,0.0,0.0,0.0,0.0,0.0,0.0,0.0
251,Estados Unidos,USA,8511400.0,8820878.0,8535240.0,10095197.0,10057768.0,9864360.0,9745498.0,9556324.0,9498668.0,9640591.0,9639096.0,9880509.0,10099031.0,6175504.0
252,Uzbekistán,UZB,30800.0,30075.0,39673.0,22924.0,23773.0,24328.0,23962.0,23149.0,22579.0,21486.0,21730.0,21514.0,25300.0,7424.0
253,San Vicente y las Granadinas,VCT,0.0,0.0,0.0,0.0,0.0,0.0,0.0,0.0,0.0,0.0,0.0,0.0,0.0,0.0
254,Venezuela,VEN,130200.0,138500.0,223075.0,84065.0,83106.0,78583.1623779542,92813.0,90235.0,73509.0,64058.0,43138.0,22447.0,16027.0,3859.0
255,Islas Vírgenes Británicas,VGB,0.0,0.0,0.0,0.0,0.0,0.0,0.0,0.0,0.0,0.0,0.0,0.0,0.0,0.0
256,Islas Vírgenes (EE.UU.),VIR,0.0,0.0,0.0,0.0,0.0,0.0,0.0,0.0,0.0,0.0,0.0,0.0,0.0,0.0
257,Viet Nam,VNM,29000.0,28999.0,35658.0,109176.0,135905.672936536,135300.414088577,149527.817,167386.363,205217.0,248580.0,264548.0,283787.0,332029.0,212297.0
258,Vanuatu,VUT,1300.0,1402.0,1446.0,17212.0,11218.2976736216,11905.0,12144.0,10848.0,10425.0,9037.0,12287.0,11723.0,13866.0,9731.258
259,Mundo,WLD,20736600.0009766,22008658.0,22264220.0,29637929.5405283,30564978.0951817,30771384.5860793,31464398.8821721,32339781.9790769,33362839.0,34687965.0,35703836.058,36828232.2483859,39203774.3901284,20458480.85605
260,Samoa,WSM,10700.0,10877.0,11802.0,0.0,0.0,0.0,0.0,9144.0,11759.0,13805.0,6098.0,6848.0,6220.0,1352.0
261,Kosovo,XKX,0.0,0.0,0.0,0.0,0.0,0.0,0.0,0.0,0.0,0.0,0.0,0.0,0.0,0.0
262,"Yemen, Rep. del",YEM,7800.0,14608.0,14973.0,20600.0,20176.7285260675,16807.4072955955,16932.0,16056.0,5126.0,4538.0,1669.0,2342.0,0.0,560.0
263,Sudáfrica,ZAF,103800.0,110392.0,122561.0,190441.0,191506.866330359,197817.300311111,184763.0,199600.522813668,209734.0,212865.0,216275.0,234156.0,248747.0,88578.633
264,Zambia,ZMB,5400.0,6118.0,4886.0,9730.0,11497.0,8288.0,7997.0,8050.0,11130.0,8094.0,9020.0,1241.0,1298.0,777.3744
265,Zimbabwe,ZWE,15300.0,13603.0,8848.0,7077.0,10020.7056112793,11560.3678539236,27684.0,3730.0,4145.0,4231.0,3444.0,3444.0,0.0,3450.0
